{
    "E": [
        "Psychodezorator",
        "Evangelskiy",
        "Анархист",
        "Cassade",
        "Посейдонский",
        "Судья",
        "Мчедо",
        "Блиссфулша",
        "Waranto"
    ],
    "D": [
        "Wergitalov",
        "Zinger",
        "Prokofiev",
        "Мамочка",
        "Alagon Armadagorn",
        "Negron",
        "Хладнокровный",
        "Славянский",
        "Sepultura",
        "Wilgem",
        "devilish",
        "bissful",
        "Luchezarnost",
        "Mephistopheles",
        "Unifier",
        "Phoneutria",
        "Necrolust",
        "Pенессанс",
        "Stellan",
        "Rassvet",
        "Arlott",
        "Kesselring",
        "Walinson",
        "Hелицеприятная",
        "AristotIIe",
        "Reimburso",
        "Netherather",
        "Wonder",
        "ekstrorezov",
        "Маркиз",
        "Bad",
        "Штерн",
        "Carnifexis",
        "Дезернатор",
        "Oclagoz",
        "Azazel",
        "Кельт",
        "Zenatron",
        "Скальд",
        "Blissful",
        "Velizar",
        "Deatron",
        "Психотропный",
        "Мясник",
        "Gunar",
        "Luminiferous",
        "Adashev",
        "Асанов",
        "Sueño",
        "Muttaly",
        "Adanator"
    ],
    "C": [
        "Technokill",
        "Тернатрон",
        "Naflix",
        "Hel",
        "Black Throne",
        "Tripovoz",
        "Destruction",
        "Реневал",
        "Necronow",
        "Narcissist",
        "Heisenberg",
        "Rambo",
        "Satisfaction"
    ],
    "B": [
        "Bloody Reaper",
        "Bringer",
        "Вегезор",
        "Gtv",
        "Hypnose",
        "Палачь",
        "Dovelonov",
        "Diller",
        "Mrakozny",
        "Zutsune",
        "Astafyev",
        "Winstown",
        "Woodrow",
        "Mayhem",
        "Miligan",
        "Jessheim",
        "Enlightened",
        "Antichrism",
        "Lcheprorok",
        "Karbonow",
        "Хроносферов",
        "Клинов",
        "Avanturist",
        "Мерцеоз",
        "Brightdeath",
        "Neuropotolog",
        "Фенисар",
        "Garret",
        "Karcer",
        "Sorgestor",
        "Bizo",
        "Мулцибер",
        "Gauter",
        "Motörhead",
        "Архивист",
        "Celtast",
        "Адъютант",
        "Delerez",
        "Reagent",
        "Кроворез",
        "HaTTaKa",
        "Девятов",
        "Bismarck",
        "Owerlord",
        "Grossman",
        "Коллекционер",
        "Licenant",
        "Censor",
        "Antichrism",
        "Максеев",
        "Detralex",
        "Националов",
        "Mascara",
        "Ксарнаракс",
        "Physic",
        "Torzinal",
        "Vengeance",
        "Burn",
        "Tanark",
        "MaxMad",
        "Alaxamon",
        "Michael Scholes",
        "Xeocrat",
        "Марифозов",
        "Executed",
        "RootExe",
        "Berserk",
        "Некрокульт"
    ],
    "A": [
        "Ranger",
        "Ondscap",
        "Филантропов",
        "Санитар",
        "Adambaev",
        "Daniyarov",
        "Descartes",
        "Рамзес",
        "Sting",
        "Мракотворцев",
        "Плантотрон",
        "Wilhem",
        "Клейморов",
        "Левиафан",
        "Партизан",
        "Венер",
        "Фаренгейт"
    ],
    "S": [
        "Технодарк",
        "Страйк",
        "Арлекин",
        "Зиптокуй",
        "Акела",
        "Eternity",
        "Linkest",
        "Samirion",
        "Гримнисс",
        "Kadzul",
        "Maestro",
        "Мерцер",
        "Sanctifies",
        "Dorofeev",
        "Vasco",
        "Re:born",
        "Zegmar",
        "Dethrone"
    ],
    "S+": [
        "Deathwide",
        "Necrosodom",
        "Volent",
        "Zerat",
        "Vergo",
        "Fleys",
        "Luminiferous",
        "Ryusei Sawamura",
        "Vannesto Stinter",
        "Stormblast",
        "Zurawn",
        "Bernaut",
        "Латынов",
        "Marrakesh"
    ],
    "Elite": [
        "Zeltux",
        "Люцифер"
    ]
}