{
    "E": [
        "BANKAI",
        "Wershitel",
        "France",
        "Alkatrass"
    ],
    "D": [
        "SQUAD",
        "Reduction",
        "Reincarnated",
        "Cannibals",
        "Destructors",
        "Экзорцизм",
        "SVXM",
        "4308",
        "Deadly",
        "Ultramarines",
        "Bastion"
    ],
    "C": [
        "Hickeyworkers",
        "Gtv",
        "Coalition",
        "Olimp",
        "Pankration",
        "Cancellation",
        "Rosenkreuzer"
    ],
    "B": [
        "KSEON",
        "Nova",
        "Ансамбль",
        "Waffen"
    ],
    "A": [
        "TFOTT",
        "Преисподняя",
        "Смрад"
    ],
    "S": [
        "Bastard",
        "SSXM",
        "Nexus"
    ],
    "S+": [
        "VNC"
    ],
    "Elite": [
        "LCVR"
    ]
}